run_tag,backend,N,layer,primary_value,replica_value,parity_ok
99e8202,FileSystem,1000,1,999,999,1
99e8202,FileSystem,1000,1,999,999,1
99e8202,FileSystem,10000,1,9999,9999,1
99e8202,FileSystem,10000,1,9999,9999,1
99e8202,FileSystem,100000,1,99999,99999,1
99e8202,FileSystem,100000,1,99999,99999,1
99e8202,MySQL,1000,1,999,999,1
99e8202,MySQL,1000,1,999,999,1
99e8202,MySQL,10000,1,9999,9999,1
99e8202,MySQL,10000,1,9999,9999,1
99e8202,MySQL,100000,1,99999,99999,1
99e8202,MySQL,100000,1,99999,99999,1
99e8202,SQLServer,1000,1,999,999,1
99e8202,SQLServer,1000,1,999,999,1
99e8202,SQLServer,10000,1,9999,9999,1
99e8202,SQLServer,10000,1,9999,9999,1
99e8202,SQLServer,100000,1,99999,99999,1
99e8202,SQLServer,100000,1,99999,99999,1
