run_tag,backend,layer,N,samples,sync_p50_ms,apply_p50_ms,total_p50_ms,total_p95_ms,events_per_sec_p50
99e8202,FileSystem,1,1000,2,20.636,410.832,431.468,442.058,2317.7
99e8202,FileSystem,1,10000,2,31.273,4119.783,4151.056,4162.874,2409.0
99e8202,FileSystem,1,100000,2,167.286,46354.227,46521.512,46814.467,2149.5
99e8202,FileSystem,2,1000,2,7.823,410.243,418.067,429.602,2392.0
99e8202,FileSystem,2,10000,2,20.727,3913.456,3934.182,3952.297,2541.8
99e8202,FileSystem,2,100000,2,173.849,43514.984,43688.832,43732.994,2288.9
99e8202,MySQL,1,1000,2,11.346,1061.537,1072.882,1073.312,932.1
99e8202,MySQL,1,10000,2,29.336,11418.811,11448.147,11854.414,873.5
99e8202,MySQL,1,100000,2,173.214,104845.812,105019.027,105850.935,952.2
99e8202,MySQL,2,1000,2,8.218,1038.293,1046.512,1052.995,955.6
99e8202,MySQL,2,10000,2,28.930,11183.946,11212.876,11218.041,891.8
99e8202,MySQL,2,100000,2,167.251,105313.101,105480.352,105947.502,948.0
99e8202,SQLServer,1,1000,2,13.037,1232.919,1245.956,1255.196,802.6
99e8202,SQLServer,1,10000,2,23.970,12479.805,12503.773,12742.188,799.8
99e8202,SQLServer,1,100000,2,179.190,130354.785,130533.976,131931.367,766.1
99e8202,SQLServer,2,1000,2,8.711,1202.358,1211.068,1215.255,825.7
99e8202,SQLServer,2,10000,2,21.338,12409.075,12430.413,12621.221,804.5
99e8202,SQLServer,2,100000,2,166.758,130972.743,131139.502,132251.537,762.5
